active exchange,
collaborative partners,
different programs,
diverse skills,
embrace diverse,
onboarding processes,0
extremely different,
various applications,
foster collaboration,
effective leveraging,
grassroots catalyst,
retail employee,0
different participation,
collective listening,
respective strengths,
various projects,
group involvement,
invested equity,0
floorplan financing,0
nonprofit organizations,0
interests different,
organizational action,
minimum equity,0
incorporate knowledge,0
leverage ratios,0
open forum,
gender diversity,
decreased equity,0
potential involvement,
factors different,
sustainable differentiation,
different interpretation,
fair value,
every employee,
diverse incumbents,
collective generosity,
diverse employment,
sustainable sustainability,
indirect involvement,
open access,
diverse portfolios,
incident reports,0
active management,
equal ownership,
diverse companies,
free expression,
various unions,
strategic collaboration,
such difference,
diverse leadership,
ratio tangible,
different systems,
promote diversity,
diverse range,
multiple currencies,0
understanding diversity,
corporate sustainability,
promotional initiatives,
entire difference,
collective commitment,
diverse brand,
networking expertise,
different decision,
active development,
various trusts,
advocacy communities,0
underrepresented professionals,
no discrimination,
important differences,
active supporters,
mezzanine equity,
often different,
encourage diversity,
various other,
little differences,
different individuals,
increased unionization,
increased motivation,
collaborative teams,
embedded equity,0
associate volunteerism,
future collaboration,
minorities groups,
brands impairment,0
jointly develop,
inactive equity,0
collaborative processes,
active program,
diverse professionals,
collaborative workforce,
innovative methodologies,
organizational behaviors,
activity other,0
innovative partnerships,
multiple programs,
diverse teams,
active investments,0
marginalized communities,
various investments,0
terms different,
significant differences,
positive difference,
inclusive excellence,
diverse industries,
safe space,0
organizational challenges,
advisory projects,
sustainable healthcare,
sustainable benefits,
book-tax differences,0
net difference,0
diverse businesses,
networking solutions,
organizational leadership,
multiple workgroups,
renewable equity,0
strategic partnering,
give help,
equal wages,
various employee,
new perspectives,
various exchange,
various stakeholder,
multiple practices,
organizational policies,
invisible differences,
various developers,
diverse constituencies,
enable diverse,
different incentives,
unbiased expertise,
various interpretations,
companywide initiatives,
various support,
diverse voices,
selection systems,
potential integration,
fico scores,0
foster relationships,
various management,
potential differences,
various buildings,0
psychologically safe,
increased transparency,
diverse distribution,
diverse value,
risk sharing,
multiple employee,
inclusive behaviors,
pooled equity,0
organizational integration,
education programs,
inclusive workforce,
multiple policies,
diverse groups,
organizational approach,
diverse viewpoints,
active ethics,
various metrics,
goodwill quantitative,
multiple deliverables,
employee volunteers,
collective decisions,
collective experience,
inclusive management,
multiple partnerships,
tangible improvements,
idea engagement,
sustainable leadership,
different assessments,
multiple valuation,
free resources,
diverse experiences,
proactively identifying,
agile organizations,0
align participants,
accelerate innovation,
significant resources,
different changes,
management teams,
promote inclusion,
potential synergies,
multiple audit,0
select communities,
active equity,
expected synergies,
multiple counterparties,
multiple policy,
relevant stakeholders,0
different ideas,
enforcement initiatives,
encouraging collaboration,
entirely different,
hybrid equity,0
leadership opportunities,
increased discrimination,
key integration,
transgender equality,
inclusive efforts,
stakeholder issues,
myriad opportunities,
multiple interpretations,
proactive risk,
diverse ideas,
diverse homebuilder,
businesses separate,0
leveraged innovation,
varied experiences,
comparative differences,
inclusive environment,
different exchange,
collaborative teamwork,
various statues,
diverse relationship,
various diversity,
reflected synergies,
integrate ideas,
global advocacy,
initiative leverages,
different information,
inclusive team,
multiple sessions,
organizational restructuring,
diverse leaders,
various efforts,
impose different,
inclusive working,
collective collaboration,
multicultural workforce,
different initiatives,
multiple reporting,
increased participation,
varied viewpoints,
influencer partnerships,
compelling practices,
initiative prioritization,
customizable experiences,
active benchmarking,
sponsorship partners,
broaden distribution,
fosters empowerment,
successful integration,
firms unrelated,
procurement efficiencies,
reduced equity,0
consolidated equity,0
many differences,
workplace transitions,
diverse marketplace,
diverse asset,0
integrate knowledge,
global initiatives,
diverse insights,
numerous stakeholders,0
group unity,
multiple avenues,0
select sponsorship,0
diverse partners,
permanent difference,
cultivate awareness,
active leadership,
organizational groups,
paying attention,
different cultures,
pattern differences,
different views,
equal changes,
organizational infrastructure,
managerial support,
leveraged esop,
primary difference,
anticipated synergies,
involves individuals,
diverse opportunities,
inclusion important,
visible difference,
strategic initiatives,
optimize scalability,
procurement partners,
unleash diversity,
inclusive community,
multiple groups,
active communities,
equal consideration,
collective valuation,
teams accountable,
active lifecycle,0
diversity acceptance,
incent employees,
different training,
various benefit,
embed diversity,
underrepresented minorities,
workplace dialogue,
sponsorship relationships,
networking opportunities,
numbers different,
streamline interaction,
transformational shift,
underrepresented filmmakers,
corporate philanthropy,
practice diversity,
direct involvement,
many different,
increased efficiencies,
different thinking,
different experiences,
open commitments,
current difference,
diverse candidate,
other differences,
cantly simplify,0
significantly different,
active nondiscrimination,
overall integration,
diverse outlook,
fair values,
diverse operations,
disparate treatment,
apply equity,
retailers unrelated,0
continued improvement,
diverse technology,
diverse needs,
multiple employers,
diverse attorneys,
organizational objectives,
targeted recruitment,
select partners,
successfully integrate,
intersegment cooperation,
proactive communication,
multiple input,
various incentive,
active buildings,
significant difference,
broaden perspectives,
temporary difference,
full difference,
activist stockholder,0
various processes,
create cohesion,
early involvement,
different applications,
collective actions,
organizational impact,
unexplained differences,
ecommerce transaction,
respective sponsoring,
fair rewards,
active exchanges,
build understanding,
significant collaborative,
experience different,
respective methodologies,
cumulative differences,
profit sharing,0
varied perspectives,
various technologies,
organizational change,
proportional equity,
real difference,
strategic initiative,
active money,0
increased synergies,
inclusive cultures,
respective governance,
different needs,
active supporter,
varying cultures,
inclusive workplaces,
various care,
increased equity,
social integration,
organizational alignment,
multiple share,0
different benefit,
various reports,
together different,
markedly different,
inclusive view,
extensive involvement,
material differences,
diverse talents,
diverse beliefs,
diverse syndicate,
strategic innovation,
equal experience,
small differences,
align executives,
complex integration,
major difference,
retail organizations,
creative approach,
diverse perspectives,
diverse patient,
workflow solutions,0
impairment involves,
diverse talent,
workforce diversity,
wellness benefits,
related equity,
various benefits,
cherish diversity,
corporate initiative,
governance objectives,0
equal pay,
diverse decision-making,
proactive adoption,
multiple pricing,
diverse colleagues,
sustainable technologies,
main difference,
multiple solutions,
natalizumab versus,0
optimized leadership,
pay gap,
innovative integration,
gender equality,
key employee,
likely different,
align other,
annual synergies,
seasonal differences,
separate collaboration,
diverse service,
retail initiatives,0
various strategies,
active manager,
transformational leadership,
inclusive practices,
improved collaboration,
key sustainability,
different asset,0
alternate employee,
various actions,
inclusive leaders,
diverse executive,
multicultural organizations,
businesses unrelated,0
diverse competitors,
volunteer opportunities,
permanent differences,
new idea,
financial involvement,
different stakeholders,0
transformational outcomes,
different impacts,
increased responsiveness,
active employee,
active recruitment,
diverse scholarship,
respective employee,
related participation,
actual differences,
collective efforts,
respect diversity,
team collaboration,
different ethnicities,
smooth integration,
various equity,0
gained synergies,
proactive outreach,
multiple mediation,
ecommerce solutions,0
continuing involvement,
holistic sustainability,
various initiatives,
involve application,
multiple incentive,
various assessments,
collective agreements,
outside differences,
diverse skill,
differing views,
sustainability initiatives,
diï¬€erent perspectives,
worldwide equity,
various programs,
active asset,0
collective distribution,
diverse solutions,
diverse input,
better coordination,
nonmarketable equity,0
noncontrolling shareholder,0
outsourcing partners,
social initiatives,
increased funding,0
active duty,
key stakeholders,0
diverse mindsets,
collaborative partnerships,
multiple efforts,
team inclusion,
wide initiatives,
identity disclosure,
varied pricing,
collective expertise,
global teamwork,
equal work,
networking challenges,
numerous initiatives,
diverse management,
operational synergies,
innovative organizations,
multiple performance,
minor differences,
get help,
various information,
cultivating thinking,
collective bargaining,
diverse customer,
diverse work,
organizational capabilities,
shared understanding,
possible differences,
select groups,
personnel action,
varied needs,
various individuals,
learning perspectives,
substantially different,
listening skills,
negotiating leverage,
motivate executives,
enable diversity,
synergy benefits,
deductible differences,
multiple productivity,
initiative empowers,
various report,
lasting difference,
conflict resolution,
different program,
multiple geographies,
diverse communication,
different performance,
active workforce,
equal participation,
open discussion,
corporate partners,
environmental organizations,
fair practices,
targeted synergies,
different methodologies,
hardy listening,
social sustainability,
organizational restructurings,
differing information,
principal differences,
expand knowledge,
diverse portfolio,
organizational cultures,
various financing,
diverse statistics,
continued collaboration,
legal involvement,
inclusive programs,
collective group,
understanding co-workers,
diversity initiative,
inclusive teams,
activities other,
varied outcomes,
negotiate transaction,
active stockholder,
organizational simplification,
women employees,
team acceptance,
various participants,
labor rights,
materially different,
diverse demographics,
effectiveness initiatives,
sustainability experience,
open application,
groups endorse,
annual differences,
open workplace,
incremental difference,
hispanic perspectives,
sustainable shareholder,0
interpretational differences,
rates different,
behavior different,
open exchange,
divergent perspectives,
different strategies,
underrepresented students,
proactive engagement,
group awareness,
exenatide collaboration,
multiple employer,
cyber analytics,0
corporate initiatives,
sustainability goals,
align hedge,
active financing,
inclusive workplace,
standards different,
multiple approach,
collective experiences,
multiple strategies,
environmental advocacy,0
multiple recognitions,
specific initiatives,
multiple distinct,
inherently different,
collective work,
organizational participation,
strategic equity,
active discussion,
align changes,
inclusive culture,
menu innovation,
organizational roles,
collective funds,0
diverse platform,
diverse employees,
diverse strategies,
creative initiatives,
diverse selection,
equal change,
corporate mentoring,
various outcomes,
collaborative innovation,
different distribution,
ethnic diversity,
key governance,0
group effort,
women leaders,
diverse values,
equal opportunity,
unite coworkers,
engagement participation,
annual difference,
multiple distribution,
different implementation,
roi differs,
upfront collaboration,
implement sustainability,
inclusive work,
analytics capabilities,
innovative workplace,
deductibles specific,0
property-related differences,
exchange ideas,
equal voice,
creative workforce,
proposing shareholder,
equity tangible,0
vendor financing,0
various asset,0
affirmative action,
different approaches,
diverse programs,
improved acceptance,
group harmony,
increased contributions,
varying perspectives,
sustainable stockholder,0
varying opinions,
integrate expertise,
various incentives,
unanticipated differences,
new solutions,
various policy,
grassroots foundation,
such differences,
different partnerships,
promote customization,
collective learning,
equally important,
considerate environment,
various collaborations,
align pay,0
organizations broad,
diverse associates,
form bonds,0
corporate strategies,
global equity,0
promote conversation,
civic organizations,
active strategies,
associated collaboration,
build upon,0
collaborative learning,
several differing,
manage disparate,
various analytics,
select investment,0
clear difference,
express perspectives,
percentages attributable,
select projects,
returns different,
affirming work,
aggregate differences,
free screenings,0
multiple risk,
diverse cultures,
better ideas,
various programming,
creative partners,
huge difference,
addressed concerns,
assessments different,
various reporting,
noncontrolling equity,
foster diversity,
current collaboration,
overall diversity,
different bonus,
various expansion,
active involvement,
diversified equity,
diverse communities,
group decisions,
various wage,
diverse views,
sustainability leadership,
diverse workplace,
diverse team,
free voicing,
combined strengths,
inclusive leadership,
nongovernmental organizations,0
innovative analytics,
proactive insights,
integrate experience,
various commitments,
diverse approaches,
diverse knowledge,
integrate infrastructure,
environmental stakeholder,0
free investments,0
traded equity,0
collective dedication,
significant synergies,
diverse group,
staff time,0
active share,0
open communication,
meaningful equity,
open innovation,
equal access,
multiple leveraging,
distinctly different,
interested stakeholders,0
active diversity,
diverse culture,
various leadership,
net collaboration,
customized employee,
organizational changes,
periods different,
leveraging talent,
show courtesy,
workforce inclusion,
align stockholder,0
vendor partners,0
innovative leadership,
multinational organizations,
corporate efficiencies,
ongoing involvement,
diverse experience,
various opportunities,
stronger teamwork,
active programs,
favorable equity,0
different input,
allowing change,
individual viewpoints,
diverse peoples,
equal opportunities,
being considerate,
collective action,
future synergies,
awareness training,
human involvement,
associate participation,
cumulative difference,
diverse organization,
allocated equity,
awareness initiatives,
alliances equal,
equal value,
group acceptance,
collective trusts,
multiple asset,0
active policies,
different technologies,
environmental initiatives,
agile organization,
hispanic participants,
multiple perspectives,
inclusive thinking,
fair pay,
intercompany equity,
organizational processes,
lot different,
diverse community,
promote trust,
various groups,
various shareholder,
various performance,
workflow management,
companies attributable,0
fair perspective,
everyone shares,
multiple derivatives,
divergent integration,
different managers,
reach different,
converged infrastructure,0
diverse membership,
partnerships total,
effective collaboration,
empowered employees,
focused initiatives,
underserved communities,
income different,
different values,
operational initiatives,
nonvested equity,0
multiple jurisdictions,0
different employee,
increased collaboration,
diverse consumer,
build expertise,
cultural differences,
diverse vendor,
various environmental,
various nationalities,
key initiative,
various methodologies,
creative idea,
different development,
such involvement,
corporate partnerships,
global interoperability,
varied experience,
free speech,
diverse staff,
environmental sustainability,
diverse workforce,
crucial diversity,
vendor funds,0
also involved,
citizen initiatives,
different organizations,
unregistered equity,0
diverse assets,
individual differences,
diverse lifestyles,
multiple investment,0
diverse abilities,
incorporate diversity,
partnerships other,
various multichannel,
collective fund,
retail partnerships,
diverse housing,
advisory groups,
additional differences,
free access,
different funding,0
free training,
active engagement,
globally implement,
distribute equity,0
limited involvement,
several different,
relative difference,
select employees,
subtract equity,0
equal selection,
diversity benefits,
collective voice,
various related,
multiple benefits,
mentoring relationships,
networking projects,
respective equity,0
better understanding,
corporate equity,0
retail fund,0
total involvement,
diverse investment,
resource groups,
raised awareness,
similar initiatives,
different currencies,0
year different,
various development,
various systems,
different experience,
organizational development,
active listening,
open mind,
global diversity,
recognizes contributions,
enterprise integration,
everyone contributes,
targeted recruiting,
primary involvement,
different backgrounds,
harmonious discussions,
active stewardship,
increased automation,0
different interpretations,
foster inclusion,
sustainable opportunities,
diverse individuals,
corporate diversity,
organizational enhancements,
various sustainability,
corporate contributions,
employees attributable,
encouraging diversity,
perfluorooctane sulfonate,0
related metrics,
various resource,
multicultural communities,
healthcare innovation,
related integration,
diverse backgrounds,
inclusive diversity,
multiple participants,
diverse client,
understanding people,
entity-specific differences,
initial involvement,
non-discrimination workplace,
various stakeholders,
diverse geographies,
different perspectives,
strategic partnerships,
diversity training,
diverse connectivity,
multiple vendors,
nonprofit sectors,
different partners,
diverse strengths,
various integrated,
recognizing ideas,
worldwide collaboration,
usually different,
active community,
various processing,
diverse network,
active approach,
nonprofit civic,
key initiatives,
equal impacts,
collective knowledge,
improved performance,
align resources,
little different,
open forums,
innovative strategies,
corporate governance,
similar equity,
global collaboration,
new collaboration,
unique differences,
timing differences,
affirmative approach,
regional differences,
active inclusion,
integrate transaction,
organizational expertise,
various appraisals,
inclusive policies,
temporary differences,
demographic group,
varying expertise,
diverse expertise,
nonprofit organization,
multiple inputs,
partnering transactions,
value individuals,
proactive evaluation,
idea inclusion,
continued involvement,
less judgemental,
corporate cultures,
various collaboration,
free workplace,
innovative learning,
varied backgrounds,
potential difference,
different solution,
risks different,
culture different,
various perspectives,
varying mindsets,
disabled differ,
promote change,
open mindedness,
incremental equity,0
select investments,0
diverse subsidiaries,
team oriented,
significant involvement,
accepting diversity,
unique viewpoints,
significant collaboration,
desktop virtualization,0
diverse applicants,
value differences,
active applications,
defer judgement,
ebusiness initiatives,0
various pay,
diverse inputs,
collective strength,
varying backgrounds,
open work,
address concerns,
enable innovation,
meaningful differences,
different approach,
fair recognition,
organizational barriers,
free reports,
multiple systems,
open performance,
equal performance,
respect others,
nominating shareholder,0
collective investment,
diverse employee,
strategic metrics,
multiple-element involve,
diverse opinions,
sustainable improvements,
workplace equality,
total difference,
negotiate interchange,
diverse candidates,
global integration,
changing environmental,0
regulatory initiatives,
rights sustainable,
underrepresented groups,
inclusive approach,
multiple sclerosis,0
appreciate diversity,
negotiate acquisition,0
antidilutive employee,
inclusive worklife,
unconsolidated partnerships,
multiple approaches,
affect employee,
other involvement,
transformational innovation,
businesses accountable,0
diverse pipeline,
group synergy,
equal opinions,
empowerment education,0
active executives,
active investment,
various fund,
collective capabilities,
organic ideation,
employee programs,
different nationalities,
different investment,
multiple disciplines,
environmental initiative,0
enable shareholder,
support diversity,
collective trust,
differences other,
multiple stakeholders,
diverse thinking,
collective assessment,
federal involvement,
organizational priorities,
various organizations,
mentoring program,
nonprofit partners,
active employees,
diverse programming,
developmental opportunity,
different viewpoints,
active participant,
fair distribution,
therefore different,
creative approaches,
organizational agility,
employer contributions,
cultivate consideration,
disparate impact,
organizational effectiveness,
related initiatives,
partnerships attributable,
diverse product,
increased shareholder,0
much different,
active participants,
various changes,
very different,
diversify collaboration,
diversity goal,
targeted equity,
effective integration,
various resources,
diverse environment,
leadership roundtable,
renewable integration,
build relations,
various partners,
multiple portfolios,
retail partners,
sizes compete,
healthcare organizations,
repurchase equity,0
problem solving,
increased understanding,
agile management,
key differences,
active participation,
specific diversity,
active learning,
diverse vendors,
negotiate pricing,0
select networks,
organizational turnaround,
mobile innovation,
different skills,
groups outstanding,
employee benefits,
underwrite equity,
active managers,
multiple platforms,
various distribution,
unconsolidated equity,
respective fund,
various midstream,
sustainable difference,
meaningful difference,
various communities,
inclusive organization,
various exchanges,
multiple viewing,
implementing projects,
key metrics,
procurement synergies,
various governance,
logic differences,
integrate acquisitions,
various inputs,